id;name;version;active;is_latest
1;jaunty fooey wetly;18733;false;true
2;worthless at;21178;false;true
3;unlike slump;32762;false;true
4;past;28480;false;true
5;before own pfft;19322;false;true
6;catalyst;5776;false;false
7;bakeware meh;11214;true;true
8;in but;21197;false;false
9;procrastinate;5472;true;true
10;outrank as;16470;false;false
11;upon;10530;true;false
12;polite though cook;12137;false;false
13;furthermore;3518;true;false
14;yum sermon lovingly;8308;true;true
15;apt if absent;14694;false;false
16;pish abaft;26697;true;true
17;coin what silently;26352;false;true
18;obvious;10249;true;true
19;toward;20778;true;true
20;whoa;2462;true;true
21;except supposing prejudge;7193;false;true
22;pro meanwhile;5650;false;false
23;idolized for;10877;true;true
24;brilliant;7807;false;false
25;if;29434;true;false
26;gah;2641;true;false
27;nor except;29508;true;false
28;mid daintily;15378;true;false
29;descriptive bah within;3888;false;false
30;hyphenation cease ribbon;12192;false;true
