id;name;label;description;ui_component;type;required;multiple;default_value;min_number;max_number;min_length;max_length;regex;jhi_order;attribute_group;active
1;sensitize;which excepting;which;CHECKBOX;NUMBER;false;true;without inwardly smarten;2012.79;4317.51;17071;2104;hm crowded;24819;who scent individual;false
2;yuck including;decouple kissingly;merry procurement from;INPUT;DATE;true;false;under internationalize;30341.27;17656.53;24291;21475;finally;26291;really frugal excluding;false
3;honestly;mmm uh-huh boo;yahoo;TEXTAREA;NUMBER;false;true;tragic permafrost given;3947.31;30331.23;4635;26102;petal;4854;after;true
4;oh understated;defendant rubbery pitiful;moment;SELECT;ENUM;true;false;homely;25701.46;24396.54;4611;19427;shrill gratefully;14818;typify tabulate;true
5;unexpectedly syringe decriminalize;even summarise custom;inasmuch save;NUMBER;DATE;false;true;anenst supposing next;2003.48;28561.8;30087;6027;ew;16390;untidy wherever;true
6;yowza;brr;joyfully searchingly;TEXTAREA;NUMBER;false;false;plait;7738.88;27666.65;2771;30280;scrape under tenant;21292;dirty reassemble inside;false
7;yet worth nervous;officially reorient at;oh irresponsible definitive;INPUT;NUMBER;true;true;disgorge mythology whereas;18249.96;17118.03;19164;23573;destock humor;17142;incidentally;true
8;altruistic total rebuke;oh querulous;or request;TEXTAREA;STRING;false;false;aircraft torn;7223.78;28350.94;20156;199;jealously geez;72;jazz whose;false
9;however;abaft;yowza where superficial;CHECKBOX;DATE;true;false;unless dearly;16958.31;24697.07;14817;5808;near despite aw;32413;kiss meanwhile;false
10;now extension ack;ornate scoff;whenever before;INPUT;NUMBER;false;true;below dimly however;19043.02;14285.47;25518;11699;hm gah famously;20808;zowie joyfully;false
11;a;diversity dream;hopelessly where considering;NUMBER;ENUM;true;true;yearningly;23120.72;26444.77;16470;13544;cake misappropriate;12274;heartbeat;true
12;despite;drat book;joyously after brr;CHECKBOX;ENUM;false;true;birdcage reporter;30961.09;30933.65;30598;3282;opposite drug;8853;provided junior;false
13;hence;than;camouflage amongst;NUMBER;ENUM;false;true;regarding;1074.41;6132.81;7456;18859;reboot debut apropos;16312;consequently patroller;true
14;edge;till;taut forswear;SELECT;BOOLEAN;true;true;intent hence;31856.79;4841.53;21640;15281;quip coincide fatal;16542;duh;true
15;brr once pillow;pearl near;hmph huzzah;INPUT;BOOLEAN;false;false;supportive upon alongside;1417.86;7323.85;16860;14582;than;1491;following clinking;true
16;as;bogus pace crumble;retention next clearly;CHECKBOX;DATE;false;false;digit;12498.26;2477.27;1112;19590;hm;7157;hmph ski;true
17;cautiously awful;aside finally ouch;vice than finally;DATE;STRING;true;true;ah supposing always;26500.34;30353.25;468;28244;before;17794;during;false
18;tribe plus;supplier ack;bah er;CHECKBOX;BOOLEAN;false;false;huzzah pfft;30470.56;29743.27;9435;18648;appliance apropos apud;30274;mosh eek;false
19;gah apropos;hence;equally nicely recklessly;TEXTAREA;STRING;false;false;physically;22701.79;1840.8;24119;25160;knowledgeably;26837;astride unfortunately accurate;true
20;why recovery seagull;bouncy substantial aw;coincide;CHECKBOX;NUMBER;false;false;consequently conceal;5929.12;31273.96;26582;19155;snow;5611;throughout even condense;true
21;repeatedly;timely ha;self-confidence;TEXTAREA;DATE;false;true;wicked;5240.85;29661.35;16728;10407;hence than;6147;amongst sheepishly;true
22;misread middle till;phew minus heartbeat;anenst;DATE;DATE;false;true;pfft gah;11669.89;2944.86;15048;28996;gadzooks reorient;13053;including railway kick;true
23;gadzooks opposite ambitious;after density;meaningfully;DATE;DATE;false;true;represent;1070.31;18620.93;12102;24641;proceed;238;and resort reborn;true
24;upbeat keel hassle;numeracy oof angrily;slime gracious realistic;SELECT;NUMBER;true;true;ill anxiously;20147.68;14904.83;8143;27545;orderly jet once;11239;near sentimental before;true
25;down vacantly;aha pish;pulse nor geez;TEXTAREA;DATE;true;true;till about plus;424.65;2281.63;18959;30284;that meh;2738;bourgeoisie adrenalin;true
26;wherever;till partridge meh;bracelet;INPUT;DATE;false;false;developmental peninsula;14583.44;7502.94;87;1503;finger;23891;whenever creak which;false
27;cheese;every oh wretched;owlishly unused alongside;SELECT;STRING;false;false;beyond;23697.46;21554.15;18162;5425;selfishly;21214;jellyfish unfortunate;true
28;hefty;a hence;whoever;SELECT;STRING;true;false;broadly;2435.1;19631.82;14384;28361;ha;20782;formamide upright closely;false
29;circulate;blond cap;pace familiarize;INPUT;DATE;true;true;stake;976.48;3021.88;20263;3451;where;30516;ajar;false
30;hmph aha yum;why display delightfully;once submitter before;INPUT;STRING;false;true;yowza bloom;11777.17;13920.5;26927;25074;however towards;901;grandpa yuck ah;true
